ClienteID,RagioneSociale,PersonaRiferimento,Indirizzo,Citta,CAP,Telefono,Cell,Email,PartitaIVA,IBAN,SDI,UltimoRecall,ProssimoRecall,UltimaVisita,ProssimaVisita,NoteCliente
1,2F SRL,SIG.RA LUANA,VIA PRIVATA ALZAIA TRIESTE 5,CESANO BOSCONE,20090,245109691,,amministrazione@2f-srl.it,3419260157,nan,W7YVJK9,,,,,
2,3MEDICAL POLISPECIALISTICO SRL,SIG.LORENZO GHESSA,VIA SAN FRANCESCO 16,PIOLTELLO,20096,3275752288,,segreteria@3medical.it; ghessalorenzo@hotmail.it,11991430965,nan,KRRH6B9,,,,,
3,A3G SAS DI ANTONIA PESCE & C,SIG.RA ANTONIA,VIA GARIGLIANO 5,MILANO,20159,291443999,,tecnocasaisola@gmail.com,13179150969,nan,SUBM70N,,,,,
4,ABITA SRL,SIG.ALBERTO BORGHETTI,VIA GIUSEPPE CASSANO 17,TRECATE,28069,3491551250,,abitinfo@gmail.com,2618680033,nan,W7YVJK9,,,,,
5,ACCROSS EVENTS,DOTT.SSA GANDINI,"Via Bernardino da Feltre, 4",PAVIA,27100,0382576634 - 3454982784,,e.gandini@acrossevents.com,nan,nan,nan,,,,,
6,ADOBER S.n.c.,SIG.RA DANIELA ADORANTE,VIA OZANAM 27,CONCOREZZO,20863,396049105,,danieladorante@adober.it : adobersnc@secmail.it (pec),nan,nan,nan,,,,,
7,AEMME ASSEMBLY Srl,SIG.RA FRANCESCA,VIA LANDRI 11,COSTA DI MEZZATE (BG),24060,035-684410,,info@aemmeassembly.it,nan,nan,nan,,,,,
8,AF SERVICE S.r.l.,SIG.RA ALESSANDRA,"VIA ROSSI, 97",ARCORE,20862,0396/015064,,info@afservicemb.com,nan,nan,nan,,,,,
9,AG EUROPEAN SECURITY AND INVESTIGATIONS SRLS,SIG.ANTONIO GIGLIOTTI,VIA BERNARDINO RAMAZZINI 3,MILANO,20129,229412269,,amministrazione@aginvestigations.it,8852560963,nan,USAL8PV,,,,,
10,ALMASERVICE SRL,SIG.ALESSANDRO - SIG.RA MARIKA ( DOTT.SSA MARIA TERESA LAMPUGNANI) - GIULIA,VIA N. BIXIO 7,LEGNANO,20025,331592961,,info@studiolampugnani.it,nan,nan,nan,,,,,
11,ALUDELTA METALLI Srl,SIG.RA BARBARA,"VIA E. DE NICOLA, 4/B",PADERNO DUGNANO,20037,291082850,,Paola (Aludelta Metalli) <paola@aludeltametalli.com>,nan,nan,nan,,,,,
12,ANISPI,SIG.RA DEL MEDICO,VIA IV NOVEMBRE 54/56,SETTIMO MILANESE,20019,3347501588 - 0223669444 interno 2,,info@anispi.it - amministrazione@anispi.org,10722300968,nan,mariajacqueline.frego@geopec.it,,,,,
13,APE SRL,ARCHITETTO DEBORA VALLERI,VIA PREGNANA 4,RHO,20017,0293180936 - 3495098434 Sig.ra Debora,,studioape2004@gmail.com,4205280961,nan,W7YVJK9,,,,,
14,API Srl,SIG. MASSIMO SPICA,VIA BERNINI 7,CORSICO,20090,024450030 - 3355753656,,massimo.spica@apizani.it,nan,nan,nan,,,,,
15,ARREDAMENTI ZANARDI SRL,SIG.RA BARBARA ZANARDI,VIA CELADINA 195/C,BERGAMO,24125,35302597,,azanardi@arredamentizanardi.it; barbara@arredamentizanardi.it,2413800166,nan,W7YVJK9,,,,,
16,ASSOCIAZIONE REF,SIG.RA ELISABETTA,VIA MORIMONDO 5,MILANO,20143,0236553120 - 3395963680,,info@associazioneref.org,4574450963,nan,E06UCUD,,,,,
17,ATHENA TRANSPORT SRL,AVVOCATO CANONE / SIG.RA ILARIA,Via Tecchione 26/C,SAN GIULIANO MILANESE,20098,0298284298 - 0238299519,,ilaria.cecchi@athenatransport.it,2402100206,nan,nan,,,,,
18,AUTOALBERGA SRL,SIG.ALBERGA ROBERTO - SIG.RA FRANCESCA,V.LE TOSCANA 44,ROZZANO,20089,028253984 - 0257507062,,autoalberga@libero.it,8479200159,nan,A4707H7,,,,,
19,AUTOCAR RICAMBI SAS,SIG.RA ANGELA,VIA REPUBBLICA 23,MELEGNANO,20077,298128544,,autocar.angela@gmail.com,120000336,nan,A4707H7,,,,,
20,AVVOCATO QUADRI,AVV. PIETRO JOHANNES QUADRI,PIAZZA NAZIONALE 12,TREZZO SULL'ADDA,20056,02866673 (milano) - 0290962593 (trezzo) - 3358066628 avv.to,,pietro.quadri@studiolegalequadri.it,12156980158,nan,nan,,,,,
21,AZIENDA AGRICOLA CASCINA PALAZZO - BINAGHI GIUDITTA,SIG.MATTEO,VIA VERBANO CASCINA PALAZZO,ABBIATEGRASSO,20081,3451489871,,agriturismocascinapalazzo@gmail.com,2656090137,nan,5W4A8J1,,,,,
22,B3B SNC DI BERGAMASCHI CRISTINA & C,SIG.RA DANIELA,VIA BRUGHIERA 36,CORNAREDO,20007,3714461920,,b3bsas@gmail.com,10722460960,nan,N9KM26R,,,,,
23,BEATRICE PIETRICOLA (MOGLIE DEF),DOTT.SSA PIETRICOLA,VIA BRERA 23,CORNAREDO,20010,0278626201 CELL 347 3679789,,"b.pietricola@gmail,com",nan,nan,nan,,,,,
24,BELLINVIA SRL,DOTT.BELLINVIA - SIG.RA DANIELA,VIA GIOTTO 19,MILANO,20145,248005144,,studio@bellinvia.it,12121500966,nan,BA6ET11,,,,,
25,BERETTA DOTT. LUCA,DOTT. LUCA BERETTA ING RISIGOTTI,"VIA F. BIANCHI, 12",MELZO,20066,0295732369 CELL. 3473305248 cell Risigotti 3397688557,,luca.beretta@tiscali.it,nan,nan,nan,,,,,
26,STUDIO ING.RESIGOTTI MORENO FRANCO(EX BERETTA),ING.RESIGOTTI,"VIA F. BIANCHI, 12",MELZO,20066,Risigotti 3397688557 - 3922979106,,moresigo@gmail.com,6913570153,nan,SUBM70N,,,,,
27,BCOM BUSINESS COMMUNICATIONS SRL,SIG.RA MONICA STRIGELLI,CORSO DI PORTA NUOVA 15 - sede legale via carlo pisacane 24 20129 milano,MILANO,20121,239663453,,m.stringelli@businesscommunications.it,nan,nan,nan,,,,,
28,BIG GYM,SIG.GABRIELE FAVA,VIA ADA NEGRI 2,ABBIATEGRASSO,20081,0294963842 - 3406132753,,amministrazione@biggymfitness.it,nan,nan,nan,,,,,
29,BOMBELLI CASE SERVIZI IMMOBILIARI,SIG.OSCAR BOMBELLI,PIAZZA EMILIA 9 - ingresso V.LE PICENO 1,MILANO,20129,02715531 - 3334008525,,bombelli@bombellicase.it,3431190960,nan,M5UXCR1,,,,,
30,BRAMBILLA FAUSTO,SIG.FAUSTO BRAMBILLA - SIG.RA LAURA,PIAZZA MARCONI 7/D,VIMERCATE,20871,0396260922 - 3358153629,,fbrambilla@fideuram.it,nan,nan,nan,,,,,
31,BRITISH INSTITUTES LANGUAGE CENTRE,SIG.RA TERESA - SIG.RA ILARIA,"VIA DON ALBERTARIO, 27",RHO,20017,29309637,,rho@britishinstitutes.org,nan,nan,nan,,,,,
32,BRIZZA SPORT,SIG.MARCO,VIA ENRICO MATTEI 14,PADERNO DUGNANO,20037,29183393,,info@brizza.it,nan,nan,nan,,,,,
33,BSD ELETTRONICA Srl,SIG. BELTRAMI,"VIA MILANO, 14 P8",GORGONZOLA,20064,295301921,,f.beltrami@bsdelettronica.it,8358350962,nan,nan,,,,,
34,CAIANI SAS,SIG.DAVIDE,VIA MILANO 35,COLOGNO MONZESE,20093,22542032,,caiani.mobili@alice.it,2444590968,nan,M5UXCR1,,,,,
35,CARROZZERIA NUOVAMBROSIANA,SIG. GIOLO MARCO - sig.ra francesca,VIA DANTE 51,ABBIATEGRASSO,20081,294968347,,nuovambrosiana@gmail.com,nan,nan,nan,,,,,
36,CARSESSA SRL,SIG.STEFANO SESSA,VIA MARCHESINA 69,TREZZANO S/N,20090,024454667,,carrsessa@tiscali.it,nan,nan,nan,,,,,
37,CDC CERNUSCO SRL,DOTT.SSA LAZZARIN,VIA VIDEMARI 15,CERNUSCO S/N,20063,0292112853 - 3468666506,,direzione@cernuscodentalclinic.com,5447580969,nan,nan,,,,,
38,CENTRO PSICHE E SOMA,SIG.RA ROBERTA - dott.ssa viviana bosio - sig.luis (responsabile tecnico),"VIA SAN FRANCESCO, 16",PIOLTELLO,20096,292160942,,segreteria@centropes.it,nan,nan,nan,,,,,
39,CENTRO SCOMMESSE DI FEDERICO CARCANO,SIG.CARCANO,VIA ROMA 32/C,PADERNO DUGNANO,20037,3486129161,,federico.carcano@outlook.it,nan,nan,nan,,,,,
40,CELLIER GIROLAMO ANTONIO,SIG.CELLIER,VIA GRAMSCI 23,CESANO BOSCONE,20090,3453212570,,jerrycellier91@gmail.com,nan,nan,nan,,,,,
41,CIBAS Srl,SIG.FABIO PORTESAN,VIA BISCEGLIE 91/7,MILANO,20152,024125146 - int.41,,fabio.portesan@cibas.it  evelin.marceddu@cibas.it,nan,nan,nan,,,,,
42,CIBAS Srl - ABBIATEGRASSO,*,*,*,*,*,,*,nan,nan,nan,,,,,
43,CIRCOLO ACLI A.GRANDI CESANO BOSCONE APS,SIG.RA RUTILIANO,VIA POGLIANI  7,CESANO BOSCONE,20090,024502147 - 3356718710,,aclicesano@gmail.com,12533090150,nan,cesanoboscone.mi@pec.reteacli.it,,,,,
44,CHI SI AMA CI SEGUA,SIG.RA LUCIA,VIA VITTORIO ALFIERI 13/15,PONTE SESTO - ROZZANO,20089,3271004052  - 02783645124  -3347619863,,jechairstyle@yahoo.it,10188150964,nan,USAL8PV,,,,,
45,CLOUDTEL Srl,SIG.RA BARBARA (ING.CAIRO),VIA ARIOSTO 21,BRESSO,20091,02/2481252,,barbara.biffoni@cloud-tel.it,nan,nan,nan,,,,,
46,CLOUDTEL Srl - DATA4,SIG.GIORGIO VELLANI,DATA 4  VIA MONZORO 101/105,CORNAREDO,2007,3481580466,,giorgio.vellani@cloud-tel.it,nan,nan,nan,,,,,
47,COLOMBO SRL,SIG.RA ANNA D'AVANZO,VIA ORSINI 67,MEDA,20821,3381154235 sig.colombo,,a.davanzo@colombomobili.com,nan,nan,nan,,,,,
48,COLORAUTO 2 sas,nan,VIA A.DA GIUSSANO 2/C,CORBETTA,20011,29772672,,info@colorauto2.it,7802640156,nan,SUBM70N,,,,,
49,COMAN Srl,SIG.FRANCESCO CHIEPPA (sig. Berri),VIA TREVES 61,TREZZANO S/N,20090,0245101460 - 3383387493 - cell. Sig. berri,,info@comansrl.com,nan,nan,nan,,,,,
50,COSTANTINI&BALDO ASSICURAZIONI SNC,SIG.MEDARDO BALDO,PIAZZA BEATA VERONICA 10,BINASCO,20082,290096115,,m.baldo@costantiniebaldo.it,3541690966,nan,nan,,,,,
51,CRAWFORD&COMPANY ITALIA SRL,nan,VIA DESIDERIO DA SETTIGNANO 15,MILANO,20149,248100423,,crawfordandcompanyitalia@legalmail.it,4379680152,nan,crawfordandcompanyitalia@legalmail.it,,,,,
52,CROCE ROSSA ITALIANA,SIG.QUAGLINO,VIA RUGIADA 26,TRECATE,28069,321777415,,trecate@cri.it,2389790037,nan,DG0M2PE,,,,,
53,CROMETAL SRL UNIPERSONALE,SIG.RA BERTOLDI,VIA BELLINI 233,CARONNO PERTUSELLA,21042,029659467 - SIG.RA BERTOLDI 3281528194,,crometal@libero.it,1935090124,nan,nan,,,,,
54,DEF SRL,SIG.LUCA FONTANA,VIA MILANO 17,BAREGGIO,20008,290361654,,dzappa@defsrl.it,nan,nan,nan,,,,,
55,DE.MO ABITARE DI REGANO MONIA,SIG.RA CORINNE,VIA RISORGIMENTO 20,MARIANO COMENSE,22066,0316123051 - 3200778218,,nan,4151470137,nan,nan,,,,,
56,DESIGN & LIVING,SIG.IURILLI MARCELLO,VIA MORA 26 - SEDE LEGALE VIA RICKENBACH 11 20077 MELEGNANO   NUOVO INDIRIZZO VIA MONTORFANO 15/A  MELEGNANO,MAGHERNO,27010,3298659574,,geometra.iurilli@gmail.com,6479170968,nan,KRRH6B9,,,,,
57,DIORAMA,SIG.GIANNI VISENTINI - SIG.RA ELENA,VIA EMILIO CALDARA 11,MILANO,20122,3488500645 - 0236745680,,cristina@studiozucaro.it - accounts@diorama.eu - gianni@diorama.eu,nan,nan,nan,,,,,
58,DMC GRAFIA DI DOMENICO CAPUTO,SIG.DOMENICO,VIA SARONNINO 70/9,ORIGGIO,DMC GRAFIA DI DOMENICO CAPUTO,296730930,,domenico1203@gmail.com,8268840967,nan,T9K4ZHO,,,,,
59,GRG,SIG.GIANNI VISENTINI - SIG.RA ELENA,VIA EMILIO CALDARA 11,MILANO,20122,3488500645 - 0236745680,,grg.caldara@gmail.com -  gianni@diorama.eu,10225070969,nan,M5UXCR1,,,,,
60,FUTURE OF WORK GROUP SRL (GRG SRL),SIG.RICCARDO LOVISETTO - SIG.CASELLATO,VIA EMILIO CALDARA 11,MILANO,20122,3318662649 - 3401279309 CASELLATO,,riccardo.lovisetto@radicahr.it,4452400163,nan,USAL8PV,,,,,
61,DOCCHEM SRL,SIG.RA DEBORA FORGIONE - SIG.RA MARISA,STRADA DELLA COSTIERA,DORNO,27020,0382812511 - 3357318462 forgione,,amministrazione@docchem.com,11276550156,nan,SUBM70N,,,,,
62,DNP IMMOBILIARE,SIG.GRAZIANO,VIA MONTE SAN GENESIO 20,MILANO,nan,3470708119,,a.negretto@tecnorete.it,9979590966,nan,SUBM70N,,,,,
63,DOMA SERVIZI SRLS,SIG.RA MARTINA(Domenico Giannotti) - Sig.ra Barbara (moglie di Domenico),VIA CARMELITA DE PONTI 22,CINISELLO BALSAMO,20092,0227019241 - 3495914454 sig.Giannotti,,info@domaservizi.it,10498100964,nan,nan,,,,,
64,ASS.TERR.UNSIC - CINISELLO BALSAMO MI-138 (DOMA SERVIZI SRLS),SIG.RA MARTINA(Domenico Giannotti),VIA CARMELITA DE PONTI 22,CINISELLO BALSAMO,20092,0227019241 - 3495914454 sig.Giannotti,,info@domaservizi.it,10498100964,nan,nan,,,,,
65,DOTT.  ALDO BARONCINI,DOTT. BARONCINI,"VIA VAL DI SOLE, 22",MILANO,20141,3313324133,,aldo.baroncini@tin.it - aldopaolo.baroncini@pec.it,nan,nan,nan,,,,,
66,DOTT. A. IERARDI & C.,DOTT. IERARDI,VIA SPADOLINI 6,MILANO,20141,257401941 - 3208240592 (sig.ra spagnuolo samantha moglie),,tullio.ierardi@tiscali.it,nan,nan,nan,,,,,
67,DOTTOR SORRISO ONLUS,SIG.RA MANUELA,VIA MOSE' BIANCHI 79,MILANO,20149,293796488,,eterrevazzi@dottorsorriso.it,nan,nan,nan,,,,,
68,DREAMS HOUSE SRLS,SIG.RA SABINA,COSRO XXVI APRILE 73,STRADELLA,27049,038544000 - 3932097970,,info@gabettioltrepopavese.it,2605510085,nan,USAL8PV,,,,,
69,DUEEMME SIDOL SRL,SIG.ROBERTO Marangon,VIA MAZZINI 33,SESTO SAN GIOVANNI,20099,226225159,,info@dueemmesidol.it,2012140964,nan,QCNN53Y,,,,,
70,ELETTROCOLOR LUCA DI SIMONDI LUCA ( figlio Mirella Milano color),SIG.SIMONDI LUCA,VIA SILVIO PELLICO 25,SEDRIANO,20018,3334967816,,info@elettrocolorluca.it,7753900963,nan,SUBM70N,,,,,
71,EXPLORER SRLS,SIG.RA VANESSA,MUGGIO' VIA ALFONSO CASATI 5/F 20835 MUGGIO',MUGGIO',20835,0392629234 - 3471595471 - 3516227747,,"muggio@professioneaffitti.eu 6/9/2024 PRESO APP. CON VANESSA , APPUNTAM. LELE 12/9/2024  X STAMPANTE",11443150963,nan,T9K4ZHO,,,,,
72,D'EMILIANI GEOM. MARCO,GEOM.MARCO D'EMILIANI,"VIA DEL CASLUNCIO, 15",VARESE,21100,03321432299 - 3356693061,,marcodemiliani@gmail.com,nan,nan,nan,,,,,
73,POWER ME Srl,SIG. PAOLO CARNAGHI - SIG.NEGRONI - SIG.RA ELENA,VIA PABLO PICASSO 2,LEGNANO,20025,331577708,,paolo.carnaghi@powermeitaly.it,nan,nan,nan,,,,,
74,EDILIZIA GENERALE SRL,SIG.FLORIN TULUMBA,VIA CANTALUPO 1,SIZIANO,27010,3203392630/ 342 6191285 (PROVVISORIO),,info@ediliziageneralesrl.com,11298650968,nan,KRRH6B9,,,,,
75,EFFE2 SRL,SIG.GABRIELE,VIA GRAN SASSO 18,BAREGGIO,20008,29014810,,info@effe2-srl.it  21/1/2025  tutto ok,6396340967,nan,USAL8PV,,,,,
76,ELMEC SRL,SIG.RA MONICA,VIA DELL'INDUSTRIA 9,TORBA DI GORNATE OLONA,21040,331311116,,monica@elmecsrl.com,1773630031,nan,SUBM70N,,,,,
77,EMMECASA SAS DI CASANOVA MIRCO & COMPANY,SIG.CASANOVA,VIA PETITTI 19,MILANO,20149,02325827 - 3939532624,,info@immobiliarecasanova.it,3300270968,nan,emmecasa@pec.it,,,,,
78,ENGINEERING SAS,ING.ALBERTO GRECO,VIA GIOTTO 24,MILANO,20145,0234532189,,inggreco07@gmail.com,nan,nan,nan,,,,,
79,EURO PARK SERVICE SRL,SIG.MARIO SECCO,VIA RIVOLTANA 64,SEGRATE,20054,0270208149 - 3396507649,,europarkidroscalo@gmail.com,3908830965,nan,SUBMT0N,,,,,
80,EURO SPURGHI GROUP SRL,SIG.MARCO VACCA,VIA ALESSANDRO VOLTA 47,CUSAGO,20047,3938152473,,eurospurghigroup@gmail.com   28/1/2025  tutto ok,1945300760,nan,6JXPS2J,,,,,
81,EURO T LINING SRL,SIG.RA BERTUZZI,VIA BODONI 8,BUCCINASCO,20090,249670656,,s.bertuzzi@eurotlining.com   29/1/2025  tutto ok,10112040968,nan,M5UXCR1,,,,,
82,ESSEPI Srl,SIG. PUGLISI,"VIA VERONA, 1/A",CERNUSCO S/N,20063,0292590202 - 3356649088 puglisi - 3480960763 sara,,saar@essepicernusco.it,nan,nan,nan,,,,,
83,ESSE ERRE ESSE,SIG.RA RITA,VIA GIUSEPPE VERDI 16,CORMANO,20032,236527704,,info@esseerreesse.it,nan,nan,nan,,,,,
84,EXTRASERVIZI AZIENDALI SRL,SIG.PAOLO GERVASIO,VIA L.PASTEUR 4/C,VIMERCATE,20871,396084276,,servizioclienti@extraservizi.it,962200960,nan,X2PH38J,,,,,
85,FIERRE,SIG.RA ANNA,VIA VIGENTINA 110/B,PAVIA,27100,382957124,,info@fierre.com,nan,nan,nan,,,,,
86,FOX IRONSTONE DI GIORGIO PELLICCIOLI,SIG.RA LUISA,VIA CADUTI PER LA MAFIA,COLTURANO,20075,298237253,,info@foxironstone.it,nan,nan,nan,,,,,
87,FRANCO CORRADI SAS,SG.CARLO CORRADI,VIA CORNAGGIA 11,RHO,20017,29302955,,info@francocorradi.it,6634350968,nan,SUBM70N,,,,,
88,STUDIO FERRARIO Srl,SIG. FERRARIO STEFANO,VIA VOLTA 12,MISINTO,20020,296721042,,info@jolly-casa.it,nan,nan,nan,,,,,
89,FIN-HOUSE,SIG.MASSIMILIANO SARCINA,VIA LONDONIO 15,MILANO,20154,3934068640,,sarcina2014@gmail.com,7512870960,nan,0,,,,,
90,FITLAND SRL,SIG.RA CARLA BAGNOLI; ELISA ZANON,Via T.Tasso 8,BARLASSINA,20825,362569049,,carla.bagnoli@fitlandcenter.it; Elisa Zanon <elisa.zanon@fitlandcenter.it>,nan,nan,nan,,,,,
91,FIRSTNET,SIG.RA TARRICONE,"CORSO G. GARIBALDI, 113",MILANO,20121,237904022,,info@firstnetsecurity.it,nan,nan,nan,,,,,
92,GALLIA SRL,SIG.RA SAMUELA,VIA DELLE AZALEE 8,BUCCINASCO,20090,24880540,,samuela@galliatrasporti.com,1370840132,nan,USAL8PV,,,,,
93,GELMARKET SRL,SIG.GIUSEPPE BASILICO,VIA GALLARATE 116,MILANO,20151,023087662 - 02963971,,amministrazione@gelmarket.it,1275750121,nan,7HE8RN5,,,,,
94,GENERAL IMPIANTI SNC,SIG.RA CINZIA,VIA CASCINA FAUSTINA 53,ALBAIRATE,20080,029406242,,info@generalimpianti-snc.it,nan,nan,nan,,,,,
95,GEOM.CAMINITI,GEOM.CAMINITI,VIA CREMONA 224,PAVIA,27100,3334724825,,giusicaminiti@gmail.com,nan,nan,nan,,,,,
96,GEOM.MILANI,GEOM.MILANI,VIA MILANO 31,PAULLO,20067,3338643392,,geometramilanimaurizio@gmail.com,nan,nan,nan,,,,,
97,GIEMME GROUP Srl,SIG.RA GERMANA - SIG.RA BARBARA,VIA CIMABUE 26 - NUOVA SEDE: VIA BIZZOZZERO 118 1°CIT.IN ALTO,CORMANO,20032,26151383,,amministrazione@giemmegroup1.it,nan,nan,nan,,,,,
98,GEMME GROUP SRL,SIG.RA GERMANA - SIG.RA BARBARA - Sig.ra Ester,VIA CIMABUE 26 - NUOVA SEDE: VIA BIZZOZZERO 118 1°CIT.IN ALTO,CORMANO,20032,26151383,,amministrazione@giemmegroup1.it,nan,nan,nan,,,,,
99,GIERRE GOMMA Srl,SIG. LUCA,VIA PRIVATA FRIULI 16/18,FIZZONASCO DI PIEVE EMANUELE,20090,290420234,,nan,nan,nan,nan,,,,,
100,GMT & T S.R.L.,SIG.GAETANO MURGOLO(SIG.RA DORA),VIA MONTE GRAPPA 29/B,TRUCAZZANO,20060,29583722,,info@gmtrasporti.it,nan,nan,nan,,,,,
101,GNU STUDIO CREATIVO,SIG.RA STEFANIA CALLARI,VIA SIMONE DA CORBETTA 29 C SEDE LEGALE - SEDE OPERATIVA VIA IV GIUGNO 32 GALLERIA DEI GIARDINI 1° PIANO MAGENTA,CORBETTA,20011,029771633 - 3480838380,,info@gnuadv.it,11100040960,nan,nan,,,,,
102,GORLA UTENSILI SPA,SIG.GIANLUCA GORLA,VIA DANTE ALIGHIERI SNC,ABBIATEGRASSO,20081,29462732,,amministrazione@gorlautensili.it,8000000151,nan,A4707H7,,,,,
103,GORLA DOTT.MARCO,DOTT.MARCO GORLA,VIA TRENTO 68,MEDA,20821,36270135,,rag.gorla@studiogorla.it,3329210961,nan,nan,,,,,
104,GRANATA CAR CENTER SRLS,SIG.RA BARBARA,VIA VAL DI SOLE 22,MILANO,20141,2534176,,info@granatasrl.it - amministrazione.granatacenter@gmail.com,11515920962,nan,granatacar@legalmail.it,,,,,
105,CENTRO ASSISTENZA GRANATA SRL,SIG.RA SIMONA,VIA PAPA GIOVANNI XXIII 35,RODANO,20153,3388500700,,simonabenedetto19@gmail.com,12311500152,nan,QDZCM9N,,,,,
106,GP PROJECT Srl,ING.CHIARA GAMBINI,STRADA 6 PALAZZO N3,ROZZANO - MILANOFIORI,20089,289208164,,gambini@gpproject.eu,nan,nan,nan,,,,,
107,GOLDEN HEALTHY CONSULTING Srls,DOTT.FABIO GREGU,VIA KRAMER 6 - sede legale V.le San Gimignano 30 20146 Milano,MILANO,20129,3393965918 - 024313012 - 3938914418 Margherita,,fabio.gregu@gmail.com,nan,nan,nan,,,,,
108,GROMAS S.r.l.,SIG. ALESSANDRO MASCALI,VIA LOMBROSO 95 - Mercato Carni box 2/4/6,MILANO,20133,3351775992 - paolo 3388366562 - giulia 3281817383,,gromasmilano@gmail.com,11061880156,nan,nan,,,,,
109,HIRIS SRL,SIG.RA MONICA,PIAZZA FRANCESCO BUFFONI 3,GALLARATE,21013,331786332,,monicagroup70@gmail.com,4337150967,nan,KRRH6B9,,,,,
110,KOLOR+SERVICE SRL,SIG.RA ELENA CHIAPPERINI,VIA DALMAZIA 5/A,NOVA MILANESE,20834,362491849,,elena.chiapperini@kolorservice.it,2846760961,nan,W7YVJK9,,,,,
111,IEMM.NET,SIG.IEMMALLO,VIA AMBROGIO BINDA 14,MILANO,20143,28910723,,info@iemm.it,nan,nan,nan,,,,,
112,IMMOBILIARE ABBADESSE SRL,SIG. CRISTIAN,VIA ABBADESSE 20,MILANO,20124,266805588,,immobiliare@abbadesse.com,nan,nan,M5UXCR1,,,,,
113,IMMOBILIARE ABITARE,SIG.ARALDI,VIA CAVALLOTTI 14,CASALPUSTERLENGO,26841,0377911064 - 3356490137,,araldi@immobiliare-abitare.it,nan,nan,nan,,,,,
114,ALLA CASA DI GIO SRL,SIG.RA CRISTINA,VIA SETTALA 2,MILANO,20124,3510949714 CRISTINA - 3339239840 GIOVANNA,,immobiliarebarsantina@gmail.com  29/1/2025  tutto ok,3303430155,nan,USAL8PV,,,,,
115,IMMOBILIARE BALSARINI,SIG.RA LINDA,PIAZZA SIENA 10,CASALMAIOCCO,26831,222473199,,info@immobiliarebalsarini.it,12296640969,nan,SUBM70N,,,,,
116,IMMOBILIARE BUGATTI SRL,SIG.RA CEREA CRISTINA,VIA GERANI 15,ROZZANO,20089,028241592 cell Andrea 3425825873 cell Crstina 3498686513,,rozzano@gabetti.it,3761070964,nan,USAL8PV,,,,,
117,IMMOBILIARE BORROMEO SAS,SIG.SAMIR,VIA ANTONIO GRAMSCI 38,PESCHIERA BORROMEO,20068,255303653,,info@immobiliare-borromeo.it,nan,nan,nan,,,,,
118,IMMOBILIARE DERGANO,SIG.ALBERTO PROVENZANO,PIAZZA DERGANO 2,MILANO,20158,26682460,,a.provenzano@tecnocasa.it  21/1/2025  tutto ok,nan,nan,nan,,,,,
119,IMMOBILIARE PARISI,SIG.PARISI ANDREA - SIG.RA STEFANIA,VIA MARIO PIERI 2 ANG.VIA PADOVA,MILANO,20127,245942015,,info@immobiliareparisi.com,2858560960,nan,W7YVJK9,,,,,
120,IMMOBILIARE ROBERTA CERIANI,SIG.RA ROBERTA CERIANI,VICOLO POZZETTO 7,SARONNO,21047,296280334,,mail@immobiliareceriani.com,nan,nan,KRRH6B9,,,,,
121,IMMOBILIARE SUD MILANO SAS,SIG.RA FAUSTA VALENTE,VIA ADDA 18F,SAN DONATO MILANESE,20097,025276679 / 3939239084 / 3394556314 (Fausta),,amministrazione@impresabce.it,nan,nan,nan,,,,,
122,INERTI ECOTER SGA A.R.L.,nan,VIA PER POGLIANO 110,ARLUNO,20010,2901224243,,amministrazione@gruppoecoter.it,5132650960,nan,A4707H7,,,,,
123,INVENIUM LEGALTECH SRL,SIG.PAOLO COLOMBARI,VIA BAROZZI 6,MILANO,20122,276004029,,paolo.colombari@invenium-legaltech.it,11469110966,nan,nan,,,,,
124,JUNIOR PLAST SRL,SIG.LUCIANO PEDRETTI,VIA G.MARCONI 51,LIMBIATE,20812,249704507,,luciano.pedretti@junior-plast.it,2719550184,nan,W7YVJK9,,,,,
125,AVV.TO LICIA COLOMBO,AVV.TO LICIA COLOMBO,Piazza Europa 1,GALLARATE,21013,331701266,,studiolegaleliciacolombo@gmail.com,nan,nan,nan,,,,,
126,CASA DELLA GOMMA,SIG.RA PAOLA,VIA BIZET 21/23,SEREGNO,20831,362237042,,casagomma@casagomma.it,2709210963,nan,SUBM70N,,,,,
127,LA C2 COMPENSATI CURVATI SRL,SIG.FABIO CONTI - SIG.RA GIUSY,VIA DEI GUASTI 15,MISINTO,20826,296329518,,amministrazione@lacidue.com,3072680964,nan,nan,,,,,
128,LC INVESTIGAZIONI E VIGILANZA SRL,SIG.RA LAURA CIPPO,VIA DEI LAVORATORI 78,CINISELLO BALSAMO,20072,02.61.71752,,amministrazione@lcinvestigazionievigilanza.it,12649340960,nan,T9K4ZHO,,,,,
129,LD DI LEGNANI,SIG.RA CLAUDIA,VIA LEONARDO DA VINCI 35,CORSICO,20094,3286395292,,ld.legnani@libero.it,8793820963,nan,M5UXCR1,,,,,
130,LG TRANSPORT SRL,"SIG.RA SILVANA - SIG.PAOLO VECCHIONE - ANGELINA, moglie del sig. Paolo (lei firma!)",VIA DELLA MOIA 1,ARESE,20020,02/38306664,,amministrazione@lgsrl.org,6829990966,nan,lgtransport.srl@pec.it,,,,,
131,LUNATHERM IMPIANTI Sas,SIG. ANDREA CARDINO 3469504164,"VIA PRIMO MAGGIO,36",LAZZATE,20824,292861716,,nan,nan,nan,nan,,,,,
132,L&L CONSULTING,LUCA DIPANTALEO-,VIA CENISIO 42,MILANO,20100,237052776,,amministrazione@agenzia18sarpi.it,nan,nan,nan,,,,,
133,L&L CONSULTING SNC (IMMOBILIARE SARPI),LUCA DIPANTALEO-,VIA CENISIO 42,MILANO,20154,237052776,,amministrazione@agenzia18sarpi.it,nan,nan,nan,,,,,
134,MAGISTRI SRL,SIG.RA TERESA/DANIELA,VIA VIGNONE 58,NOVATE MILANESE,20026,299269778,,info@magistrirestauro.it,9601940969,nan,USAL8PV,,,,,
135,MAGISTRONI CONFEZIONI Srl,SIG.DIMERIO,VIA TRENTO 46/48,CORBETTA,20011,29779592,,oli.magistroni@gmail.com,nan,nan,SUBM70N,,,,,
136,MAGUGLIANI Srl,SIG.MAGUGLIANI - SIG.RA AGOSTI PAOLA,VIA DE GASPERI 220,MARCALLO CON CASONE,20010,297254250,,ammin@maguglianisrl.it,12359070153,nan,SUBM70N,,,,,
137,MASSERONI GIOVANNI,SIG.MASSERONI,VIA BORGAZZI 2,MILANO,20122,0258322740 - 3298111823,,giovanni.masseroni@libero.it,nan,nan,nan,,,,,
138,MEDHA ITALY SRL,SIG.RA ALBERA (DI NOME),VIA TREVES 15,TREZZANO S/N,20090,248840304,,amministrazione@medhaitaly.com,10341570967,nan,GL7H2C0,,,,,
139,CMR SRL (MAGUGLIANI),SIG.MAGUGLIANI - SIG.RA SONIA,VIA DE GASPERI 220,MARCALLO CON CASONE,20010,297254250,,porte@maguglianisrl.it,3694060967,nan,nan,,,,,
140,MAREVA SRL,SIG.RA MARINA / CARLO BRIGUGLIO,C/O LIKE HOME VIA LEOPARDI 1,AZZANO SAN PAOLO,24052,0350400290 CELL. BRIGUGLIO 3356120048,,info@like-home.it,739690162,nan,X2PH38J,,,,,
141,MARVEL ITALIA Srl,SIG.PASQUALE ROMANO,PIAZZALE DALLE BANDE NERE 7,MILANO,20146,233601092,,p.romano@un-usual.it,nan,nan,nan,,,,,
142,MARINI LIMOUSINE (NCC MARINI),SIG.GIUSEPPE MARINI,VIA ROMAGNA 32,BUCCINASCO,20090,3274732792,,info@nccmarini.com,nan,nan,nan,,,,,
143,MASSIMO VAROLO - MAX SECURITY,SIG.MASSIMO,VIA MASCAGNI 10/A,CASARILE,20059,3314296180,,massimovarolo@maxsecurity.otr,12032600962,nan,max.security@pec.it,,,,,
144,MECAP Srl,SIG.RA MELE,VIA U.FOSCOLO 14,FRAZ.PONTE NUOVO - MAGENTA,MECAP Srl,297950538,,info@mecapantincendio.it,nan,nan,nan,,,,,
145,MEDIARTE PROGETTI,SIG.RA DANIELA RICOTTI,via battistotti sassi n 28,MILANO,20123,0230120298 (cell. 3483506287) 3932724503 /,,daniela.ricotti@mediarteprogetti.com,nan,nan,nan,,,,,
146,MEOLA CIRO SALA SCOMMESSE,nan,nan,nan,nan,nan,,nan,nan,nan,nan,,,,,
147,MODIGLIANI DAVIDE SRL,SIG.RA PATRIZIA,VIA SAN GIOVANNI 34,POGLIANO (SEDE LEGALE),20010,284102101,,amministrazione.modigliani@gmail.com,4707900967,nan,nan,,,,,
148,MOREY GROUP SCARL,SIG.MOREY,VIA BUOZZI 22,BUCCINASCO,20090,296844786,,moreygroupscarl@gmail.com  10/5/2024  tutto ok   29/1/2025  tutto ok,10882980963,nan,5RUO82D,,,,,
149,MP MOBILI SU MISURA,SIG.ROBERTO,VIA PIETRO VERRI 35,CORBETTA,20011,02/97272234,,info@mp-mobilisumisura.com,nan,nan,nan,,,,,
150,MULTISERVICE SRL,SIG.ARMANDO,VIA GRAMSCI 25,PESCHIERA BORROMEO,nan,3513395591,,amministrazione@multiservice-srl.eu,12479060969,nan,KRRH6B9,,,,,
151,NEW SERVICE TECHNOLOGY SRL,SIG.GIUSEPPE/MATTEO GRASSI,VIA MONTELLO 24,LENTATE SUL SEVESO,20823,3492981983 - 3356404528,,newservicetechnology@hotmail.com,4157010408,nan,T9K4ZHO,,,,,
152,NUOVA OMP SRL,SIG.RA SARA - SIG.PRATI,VIA GALLARATA 7,SETTIMO MILANESE,20019,248920769,,segreteria@nuovaompsrl.it - amministrazione@ompsrl.it  24/6/2025  fissato app  x vis. Cortesia 30/6/2025,9797620961,nan,USAL8PV,,,,,
153,ANNA MARIA MEAZZA,sig.ra michela faioni //sig.ra annamaria meazza,VIA FERMI 2/A,CORREZZANA,20017,3881021845 (3482857580 MEAZZA ),,m.faioni@clusteradv.it ;multicrea@multicrea.it,nan,nan,nan,,,,,
154,OCITRASMISSIONI,SIG.MAZZA,VIA ACHILLE GRANDI 2,RHO,20017,293909226,,contabilita@ocitrasmissioni.it,11650870154,nan,SUBM70N,,,,,
155,OFFICINE COLOMBO,SIG.RA BARBARA,VIA MILANO 44,CORBETTA,20011,297273519,,barbara@officinecolombo.it,9477820964,nan,nan,,,,,
156,ONLY FAST SRL,SIG.ETTORE,VIA ALDO MORO 5/9,ROSATE,20088,3928926031,,onlyfastsrl@gmail.com,11923610965,nan,T9K4ZHO,,,,,
157,OM-CA AUTOTRASPORTI SRL,SIG.RA NICOLETTA,VIA GIACOMO PUCCINI 16,SAN VITTORE OLONA,20028,331589633,,info@om-ca.com,8510770152,nan,X2PH38J,,,,,
158,OSCAR DORIA,SIG.OSCAR DORIA,GALLERIA EUROPA 9,ABBATEGRASSO,20081,3479316226,,arch13@libero.it,nan,nan,nan,,,,,
159,OTTICA PERRIS SRL,STEFANO CIOCIA,CORSO GARIBALDI 28,RHO,20017,29302476,,perris@visionottica.it,8009970156,nan,PERRIS@ARUBAPEC.IT  (WY7PJ6K),,,,,
160,SFORZA SRL,SIG.ALESSANDRO,VIA BRUGHIERA 36,CORNAREDO,20007,3880534043,,alessandro@welcome-home.it,7230040961,nan,N9KM26R,,,,,
161,STUDIO MASSIMO MENZIO,RAG.MASSIMO MENZIO,VIA DERNA 26 cit. BTI,MILANO,20132,26691974,,menziom@hotmail.com,2459160962,nan,PAXCCYU,,,,,
162,STUDIO DOTT. MERGATI,DOTT. MERGATI,VIA MATTEOTTI 110 ANGOLO VIA DE AMICIS,BINASCO,20080,29055576,,scrivimi@lucamergati.it,nan,nan,nan,,,,,
163,STUDIO SARDI,SIG.RA SARDI ILARIA,VIA G.OBERDAN 1,BRUGHERIO,20861,39870748,,ilaria@studiosardi.com,4823980968,nan,USAL8PV,,,,,
164,STUDIO FERDINANDO MAVELLIA,SIG.FERDINANDO MAVELLIA,VIA SAN MAURILIO 4,MILANO,20123,2860996,,ferdinando.mavellia@mavellia.eu,2107680965,nan,W7YVJK9,,,,,
165,M.G.I. Srl,Sig.ra Simona,Via SS11 Padana sup. N30,CERNUSCO,20063,292106839,,nan,nan,nan,nan,,,,,
166,NEW ANFRA Srl,SIG.BELLONI (cit Belloni Cozzi),VIA COSTANTINO BARONI 7,MILANO,20142,028394048 - 3356851750,,info@newanfrasrl.it,nan,nan,nan,,,,,
167,TRASPORTI OVERLAND SOOC COOP ARL,SIG.ISIDORO CAVALIERE,VIA DELLA VECCHIA CHIMICA 35/5 E,CERRO AL LAMBRO,20070,298247932,,coop.overland@yahoo.it,5709500960,nan,KRRH6B9,,,,,
168,PAVERI INCISIONI,SIG.PAVERI,VIA TORINO 104,ROZZANO,20089,02/8251160,,paveri.incisioni@gmail.com,nan,nan,nan,,,,,
169,PEGORARO MATTEO,AVV.PEGORARO,PIAZZA MOTTA 6,VARESE,21100,3321791411,,m.pegoraro@pegoraro.eu,nan,nan,T04ZHR3,,,,,
170,PEPE Srl,SIG.GIANMARCO - SIG.RA MARIA PIA - Giuliana Mujaj,"VIA GIULIO UBERTI, 13",MILANO,20129,0220243238 - 3480601923 GIANMARCO,,Giuliana Mujaj <comm@point-mpbernardis.com> sales@point-mpbernardis.com,nan,nan,nan,,,,,
171,PSE SRLS,SIG.SPADONE,VIA MILANO 7,CORNAREDO,nan,0267176930 - 3461865351,,p.spadone@ps-e.it,9434660966,nan,KRRH6B9,,,,,
172,PROART Srl,SIG.RA NADIA? - SIG.TAMBORRA - ING.RANZATO - SIG.RA DANIELA,VIA CILEA 32,TREZZANO S/NAVIGLIO,20090,248464001,,ufficio@proart.it,nan,nan,nan,,,,,
173,LIMASCO MAURIZIO,SIG.MAURIZIO - SIG.RA SARA,VIA GOBETTI 5,PIEVE EMANUELE,20072,3663498067 - 0284892692 - 0283423404,,limasco.maurizio@hotmail.it,nan,nan,nan,,,,,
174,CREA PONTEGGI SRL,SIG.RA SARA,VIA GOBETTI 5,PIEVE EMANUELE,20072,283423404,,creaponteggisrl@gmail.com,11489790961,nan,USAL8PV,,,,,
175,RES S.r.l. (SICCO),DANIELLE,VIA GALILEI 8,ASSAGO,20090,236687784,,info@res-it.eu,6484830960,nan,SUBM70N,,,,,
176,Rime S.a.s. di Argenti Fabrizio,SIG.ARGENTI FABRIZIO,32/T. Via Stephenson Giorgio,SETTIMO MILANESE,20019,02/33501279 - 3355329153,,info@rimesas.net,nan,nan,nan,,,,,
177,SILVANO SICCO,SIG.SILVANO SICCO,GALLERIA ROMA 70,MELEGNANO,20077,3927330397,,silsicco@tin.it,6934290963,nan,SUBM70N,,,,,
178,AVV.TO ROSALIA TERESA,SIG.RA ROSALIA TERESA,PIAZZALE EUROPA 1,GALLARATE,21013,0331701266 (348 4008579),,avv.teresarosalia@gmail.com,nan,nan,nan,,,,,
179,RGL,SIG.CRISTIAN,VIA DON MINZONI 48 FIZZONASCO DI PIEVE EMANUELE,FIZZONASCO DI PIEVE EMANUELE,20090,3346424954 / 0257512524,,rgl.rozzano@hotmail.it,nan,nan,USAL8PV,,,,,
180,PATRIZIA SABATINO,SIG.RA SABATINO,Via Cavalcabo' 2 - chiamare prima di spedire,MILANO,20146,3355200482,,patriziasabatino8@gmail.com,nan,nan,nan,,,,,
181,PICCOLISSIMO ME DI ELENA MEAZZA,SIG.RA ELENA,VIA QUARANTA 40,MILANO,20139,236737850,,info@piccolissimo.me,nan,nan,nan,,,,,
182,PRIMA SRL,SIG.RAGUSA,VIA DESENZANO 6/A,MILANO,20146,240076925,,angelo.ragusa@primasrlcrediti.com,nan,nan,nan,,,,,
183,RISTORANTE BAR PIZZERIA CENTRAL STATION SRL,SIG.SILVIO - SG.RA MARIANA LUCANOVSCHI,PIAZZA DUCA D'AOSTA 14,MILANO,20124,3899582115,,silvio.va@libero.it,9452720965,nan,nan,,,,,
184,SA SERVIZI SRL,Jonela,VIA TERRUGGIA 34,MILANO,20162,3804312936,,saservizi22@yahoo.com,12246740968,nan,WNK4HCP,,,,,
185,SACEE Srl,SIG. laura // ING.COSTA,"PIAZZA LUIGI DI SAVOIA, 22",MILANO,20121,393/9174688 // 0245381170,,amministrazione@sacee.it,nan,nan,nan,,,,,
186,SANGALLI TENDE SERRAMENTI SRLS,SIG.RA DORET,VIA G.DI VITTORIO 20/F,PESCHIERA BORROMEO,20068,25395391,,info@sangallitendeserramenti.it,nan,nan,M5UXCR1,,,,,
187,SA VI GRUPPO ALIMENTARE SRL,SIG.RA COSETTA,VILAE LOMBARDIA 51/53,BRUGHERIO,20861,392876085,,amministrazione@saviformaggi.it,2629980968,nan,SUBM70N,,,,,
188,SCP RAG.ROMANO SRL,RAG.ROMANO,VIA VOLTA 22,CORSICO,20094,0248602153   02/4502441,,scp.romano@gmail.com,11127570155,nan,SU9YNJA,,,,,
189,SERRAMENTI SIMONETTA SAS,SIG.STEFANO SIMONETTA,VIA GRIGNA 5,RHO,20017,29314514,,info@serramentisimonetta.it,nan,nan,nan,,,,,
190,SERINN Snc,SIG. DIEGO FAVRETTO - SIG. CORSO,VIA FILIPPO TURATI 48,TREZZANO S/N,20090,245708686,,luigi.corso@serinn.it,nan,nan,nan,,,,,
191,SERVIZI AZIENDALI SAS,SIG. GENOVESE SIG.FEDERICO PENNACCHIA,VIA ALESSANDRINA 75,CUSANO MILANINO,20095,0291920610 - 3358027724,,raggenovese@libero.it,nan,nan,nan,,,,,
192,SEV SPA,SIG.RA DONATA BARATE',VIA CANTON SANTO 5,BORSANO (BUSTO ARSIZIO),21052,331343653,,segreteria@sevholding.it,237060124,nan,M5UXCR1,,,,,
193,SCORPION SRL,SIG.RA ANGELA FABRIZIO,VIA PASCOLI 9,CONCORREZZO,nan,392651530,,angela.fabrizio@gdm-group.it,9772320967,nan,RR66BDG,,,,,
194,SOOC.COOP INTER SOS,SIG.RA ELENA,VIA QUADRETTO 34,MAGENTA,20013,225715787,,logistica@intersos.it,93024890159,nan,M5UXCR1,,,,,
195,SP LIGHT AND DESIGN SRL,SIG. LUCIANO LESINA,VIA MODENA 10,BUCCINASCO,20090,0245707187 - 335237926 lesina,,luciano.lesina@splight.it,nan,nan,nan,,,,,
196,STUDIO LEGALE ORDIONI,SIG.RA ANGELA,VIA BEATRICE D'ESTE 10/12,VAREDO,20049,362583370,,info@studiolegaleordioni.it,3129050963,nan,KRRH6B9,,,,,
197,STUDIO IMMOBILIARE MARCO NAPOLI,SIG.NAPOLI,CORSO ITALIA 13,LEGNANO,20025,331546833,,info@corsoitalia13.it,12686810156,nan,M5UXCR1,,,,,
198,STUDIO LEGALE ASSOCIATO AVV.TI FABIO LIOTTA E DANIELA MULE',AVV.TO LIOTTA,VIA CARCANO 5,SARONNO,21045,29625887,,fabioliotta@studiolegaleliottamule.com,2591560129,nan,W7YVJK9,,,,,
199,STUDIO LEGALE TURCO SRL STA,SIG.RA DEBORAH,VIA MONTEGRAPPA 9/B,ARESE,20044,255017687,,studio@studiolegaleturco.eu,nan,nan,nan,,,,,
200,STUDIO DENTISTICO DOTT.GUIDO CONFORTI,DOTT.CONFORTI,VIA LAZZARETTO 22,GORGONZOLA,20064,295302614,,studiodentisticoconforti@gmail.com,10293900154,nan,studiodentisticoconforti@pec.epinet.it,,,,,
201,STUDIO MAENZA,SIG.RA FRANCESCA,VIA XX SETTEMBRE 37,LODI,26900,371420934,,geom.maenza@studiomaenza.it - francesca@studiomaenza.it,nan,nan,nan,,,,,
202,STUDIO NEBBIOLO STARL,SIG.RA ALESSANDRA - AVV.NEBBIOLO,VIA GIUSEPPE FRANK 12,PAVIA,27100,38225681,,alberto.nebbiolo@studionebbiolo.it,211030184,nan,T9K4ZHO,,,,,
203,STUDIO TECNICO AGROFORESTALE TERRA VIVA,SIG.BRUGGI,corso della repubblica 14,VIGEVANO,27029,38183698,,abruggi@studioterraviva.it,nan,nan,M5UXCR1,,,,,
204,TABACCHERIA DEL CORSO,SIG.RA PEDRINELLI MARIKA,CORSO CAVOUR 61,GARLASCO,27026,382820635,,tdcgarlasco@gmail.com,nan,nan,nan,,,,,
205,TESAI SRL,SIG.BUTTIGLIERI,VIA ITALO CALVINO 7,RHO,20017,289680760,,tesaisrl@libero.it,7463550967,nan,T9K47HO,,,,,
206,TECHNICAL SOLUTIONS SRL,SIG.RA MONICA,VIA DELLE CAVE 7,DESIO,20832,03621919329 - 3478324604,,info@technicalsolutions.it,9357720961,nan,USAL8PV,,,,,
207,TECNOCONSULT DI FRANCESCO GIANNI,SIG.FRANCESCO GIANNI,VIA DON LUIGI MONZA 13/B,SARONNO,21047,236690550,,info@giannistudio.it,1773220122,nan,USAL8PV,,,,,
208,TE TIPOLITOGRAFIA SNC,SIG.RA TERESA(erika) sig. tagliabue,50 Via G. Garibaldi interno 6,BREGNANO,22070,31770573,,grafica.tetipolitografia@gmail.com,nan,nan,nan,,,,,
209,THIN FILM EQUIPMENT SRL,SIG.RA BARBARA,VIA DELLA SCIENZA 23,BINASCO,20082,3482585505,,b.panzera@thinfilmequipment.net,3189010964,nan,SVXEWK3,,,,,
210,TIME Snc,SIG.RA MARA,VIA SAN MICHELE DEL CARSO 1/B,BOVISIO MASCIAGO,20813,362593075,,renaultime@hotmail.it,nan,nan,nan,,,,,
211,UNICONSULT DI STEFANO MONTICELLI,SIG.MONTICELLI,VIA BERNARDINO VERRO 43/B,MILANO,20141,3296859553,,stefano.monticelli@uniconsultprogetti.it,nan,nan,nan,,,,,
212,VOLPE LUIGI,VOLPE LUIGI,VIA DEI CICLAMINI 11,MILANO,20147,3392292335,,allianz2127@virgilio.it - milano51@ageallianz.it,nan,nan,nan,,,,,
213,F.I.A.M.E. srl,sig.ra alessandra - sig.matteo marcallini,"v.le montenero, 13",bareggio,20008,"0290362455, 029027416",,fiame@fiame.it,nan,nan,nan,,,,,
214,CONSORZIO SINERGICA,SIG.RA RAFFAELLA BELLUCCI,VIA G.B.MONTI 19/A,GENOVA,16151,010416294 - 3485173970,,amministrazione@sinergicadesign.it,9012790151,nan,M5UXCR1,,,,,
215,MG CAPITAL Srl,SIG.RA FULVIA - (Valentina) - AVV.TO ELISA PESCARINO,VIA DEI PLATANI 82,ARESE,MG CAPITAL Srl,293586316,,info@mgcapital.it,7970830969,nan,nan,,,,,
216,NET SERVICE DI BORRELLO ANTONIO,SIG.BORRELLO ANTONIO,VIA NUOVA ITALIA 41/43,LAVAGNA,16033,185302316,,netservicenegozio@gmail.com,2533060998,nan,antonio.borrello@pec.it,,,,,
217,HOME GALLERY,SIG.RA DEBORAH,VIA GIANELLI 103/105,GENOVA,16166,108609640,,quinto@immobiliarehomegallery.it - home.gallerysrl@pec.it,1800540997,nan,USAL8PV,,,,,
218,H 25 GROUP,SIG.RA PAOLA PARRINELLO - AVV.TO FACCHINI,"PIAZZA DEL POPOLO,3",ROMA,187,063201782 - avv.to Facchini 3938314252,,info@h25group.com  amministrazione@h25group.com avvfacchini@h25group.com,13605691008,nan,SUBM70N,,,,,
219,NOTAIO GIANLUCA ZANINI,NOTAIO ZANINI - AVV.TO CONCA,CORSO VENEZIA 24,MILANO,20121,276003090,,notaiozanini@gmail.com,4179590965,nan,nan,,,,,
220,ZANOTTA & BELLA (studio legale),AVV.TO ZANOTTA - AVV.TO BELLA,VIA GRAMSCI 18,SAN DONATO MILANESE,20097,247766015,,info@studiozanottabella.it,8949740966,nan,SUBM70N,,,,,
221,ZORZAN OTTAVIO SRL,SIG.RA GIOVANNA,VIA VARESE 76/E,GALLARATE,21013,331790194,,giovanna.zorzan@libero.it,2133170023,nan,USAL8PV,,,,,
222,A.C. SERVICE,SIG.RA VALENTINA DONNO,"VIA LURISIA, 17",MONCALIERI,nan,113740350,,info@acservice.torino.it,nan,nan,nan,,,,,
223,ABC INTERACTIVE SRL,Dario Pasqualini,Via Agostino da montefeltro 2,Torino,nan,011 0160931,,d.pasqualini@abcinteractive.it -----contabilita@abcinteractive.it,nan,nan,nan,,,,,
224,ARIELLO MASSIMO IWBANK,SIG.RA ANNA MARIA PASCA e SIG.R ARIELLO resp. Ufficio,"PIAZZA CARLO EMANUELE II, 13",Torino,nan,011 1937 7557,,massimo.ariello@gmail.com,nan,nan,nan,,,,,
225,Artex Textile Acidiacono di Arcidiacono Angelica,Sig. Romano Di Giusto,corso europa,Volpiano,nan,cell. 3458341973 - 011 553 0691,,ufficio@artextile.it,nan,nan,nan,,,,,
226,ASSOCIAZIONE ARCI VALLE SUSA,DOTT. SIVIERO- sig.a  Merlo Monica,VIA TORINO 9/6,COLLEGNO,nan,011 4112498,,collegnoarci@gmail.com; siviero@arci.it; amministrazione@arciovest.it,nan,nan,nan,,,,,
227,Associazione interculturale Karmadonne,"sig.a Claudia Grigore, sig.ra Laura","Via Bellini 36 - Via Savonarola, 2 (x app presso loro uffici)",carmagnola,nan,0112638095 - 3939096878,,"amministrazione.karmadonne@gmail.com, contabilita.karmadonne@gmail.com",nan,nan,nan,,,,,
228,AUDIOLOGICA SRL,sig.ra Giuglianati,VIA ANTONIO ROSMINI 5,TORINO,nan,348 6082976; 0116694668,,amministrazione@audiologica.net,nan,nan,nan,,,,,
229,AUTOSCUOLA BORGARO DI LOBERTO D.,LOBERTO DONATO; Sig.ra Lucrezia,VIA CIRIE' 15,BORGARO TORINESE,nan,011 470 3332; 0114506450,,autoscuolaborgaro@gmail.com,nan,nan,nan,,,,,
230,BARI ROBERTO,SIG. ROBERTO BARI,nan,TORINO,nan,nan,,nan,nan,nan,nan,,,,,
231,BS  DI BORGIA CESARE,Sig. Borgia Cesare,VIA GALILEO FERRARIS 11/13,VALDELLATORRE,nan,119689595,,venduto,nan,nan,nan,,,,,
232,CA.BAR. SRL,SIR.RA MARINA oppure sig. Davide/REFERENTE: ANDREA,VIA MARCONI 18 B,DRUENTO(TO),nan,011 246 3976,,amministrazione@cabarsrl.com,nan,nan,nan,,,,,
233,cea servizi spa,sig. Marianna,via asinari di bernezzo 80 b,torino,nan,tel. 0117933606,,amministrazione@ceaservizi.net,nan,nan,nan,,,,,
234,CENTINAL SNC di Galuani G. & Oberti M.,SIG. OBERTI,VIA BENNA 33,LEINì (TO),nan,011 998 8820,,info@centinal.it,nan,nan,nan,,,,,
235,CFC-Centro fisioterapico canavesano srl,Dott. Paolo Mattana--nadia o martina,Via Benito Atzei 27,Leini,nan,119988363,,m.giordano@cfcleini.it (mail sigra Martina),nan,nan,nan,,,,,
236,CO.ME.PI di Robasto Mauro,SIG. ROBASTO MAURO,"VIA I MAGGIO 4/L orbassano 28/2/23 CAMBIATO INDIRIZZO!20/5/24 Nuovo indirizzo Via Lombardi, 8 TROFARELLO",nan,nan,011-9038850 cell. 3335673526,,comepi@comepi.com,nan,nan,nan,,,,,
237,CONSORZIO PROFIDE----GM MENSIO DAVIDE               (,SIG. DAVIDE MENSIO-----NOEMI,via san pancrazio 14,PIANEZZA     TO,nan,Mob. +39 328.8389973--0116488711   Noemi 3515911165,,dmensio@fideuram.it,nan,nan,nan,,,,,
238,CORATELLA GERARDO Impianti Tecnologici,SIG. CORATELLA GERARDO - DINA (moglie),CORSO ALLAMANO 143/B,RIVOLI (TO),nan,011 663 7013/ 3664310919,,coratella@coratellaimpianti.com,nan,nan,nan,,,,,
239,COSTRUZIONI EDILI FRATELLI PALADINO SRL,sigra Manuela,VIA VALDELLATORRE 32B,ALPIGNANO(TO),nan,"011-9679670, 3392801036",,info@paladinocostruzionisrl.com,nan,nan,nan,,,,,
240,DERAFLOWERS DI DERAMO NICOLA,SIG.RA MONICA,VIA CASCINA BORNIOLA 60/A,SETTIMO TORINESE,10036,0118001384/3316451858,,info@deraflowers.com,nan,nan,nan,,,,,
241,DI GERONIMO MARCO Studio Legale,AVV. DI GERONIMO,"VIA S. PANCRAZIO, 10",PIANEZZA(TO),nan,011 086 2810,,avv.digeronimo@studiodigeronimo.it,nan,nan,nan,,,,,
242,domina.re di pinna salvatorico,sig. pinna salvatorico,via cavour 13/B,moncalieri,nan,011 6816085,,info@gruppodominare.it,nan,nan,nan,,,,,
243,EDILSISTEMIARTE SRL,SIG. PRATICO' DANIELE,VIA COLOMIATTI 18,CHIERI(TO),nan,011 9411011,,edilsistemiweb@libero.it,nan,nan,nan,,,,,
244,Effedue S.r.l.- impresa Edile,sig.a Federica,"Via Rosa Norberto, 10",susa,nan,tel. 0122881229,,federica@effeduesusa.it,nan,nan,nan,,,,,
245,Ermans srl,SIGRA MAGDALENA,Cso Alessandro Tassoni 80,torino,nan,tel. 0114376616,,info@ermans.it,nan,nan,nan,,,,,
246,ESA AMMINISTRAZIONE E SERVIZI IMMOBILIARI-Marco Fadda,Marco Fadda,VIA NAZIONALE 58,PINEROLO   TO,nan,TEL. 0121202818,,amministrazione@esapinerolo.com,nan,nan,nan,,,,,
247,ESAT SRL,SIG. GIORGIO  MARACICH,VIA BRISSOGNE 12,TORINO,nan,11701113/ 3356571848,,amministrazione@esat.it,nan,nan,nan,,,,,
248,F.A.S. S.N.C. di Damico Davide E Raffaele,Damico Davide E Raffaele  -sig.a Marusca,"Via Commenda, 4,",10072 Caselle torinese TO,nan,tel: 011 997 5511,,amministrazione@fasonline.it,nan,nan,nan,,,,,
249,FARMACIA DEL 45° SNC,DOTT.FILIERI,VIA POSTIGLIONE 1,MONCALIERI,10024,3894650777,,farma45sas@gmail.com,nan,nan,nan,,,,,
250,FELCAT  (NEW) - ALPIGNANO - TO,SIG. TORTORELLI o sig. Bernardinello,"VIA CASELETTE, KM. 16200",ALPIGNANO,nan,tel. 0119662616-3349750357 -tortorelli,,tortorelli@felcatsrl.it,nan,nan,nan,,,,,
251,GABETTI (STUDIO PRINCIPI SAS) DI BORELLO GIUSEPPE & C,SIG. BORELLO /Eleonora,Via PRINCIPI DI PIEMONTE N.47,BRA(CN),nan,0172 411414,,giuseppe.borello@studioprincipi.it; bra@gabetti.it (Eleonora),nan,nan,nan,,,,,
252,GEOMETRA MARCO INGROSSO,SIG.MARCO INGROSSO,"VIA ASINARI DI BERNEZZO 1-C, SEDE LEGALE VIA PACCHIOTTI 36",TORINO,nan,3472862316,,marcoingrosso1@gmail.com,nan,nan,nan,,,,,
253,GierRe Servizi snc di Buffo,Sig.a Chiara,Via Della Consolata 17/E,Torino,nan,114366827,,info@grservizi.eu,nan,nan,nan,,,,,
254,Helitec Srl,SIG.A STANISCI AURELIA---Giulia,Via Alessandro Volta 19,DRUENTO,nan,119941034,,AURELIA.S@HELITECSRL.IT,nan,nan,nan,,,,,
255,STUDIO VOLTA STP SRL,SIG.ANGELO,VIA VENARIA 6/A,DRUENTO,10040,3294226198,,geometristudiovolta@gmail.com,nan,nan,nan,,,,,
256,IMMOBILIARE REDINO di Grimaldi Claudia Ester,SIG.RA GRIMALDI CLAUDIA,PIAZZA ASMARA 3,TORINO,nan,011-8190555  - 3383433667,,claudiaester.grimaldi@fastwebnet.it,nan,nan,nan,,,,,
257,IMMOBILIARE V.M. snc,SIG. VALTER MONDO/Corinne segretaria/Massimo Perrone,CORSO UNIONE SOVIETICA 75/E,TORINO,nan,0113192222 / 393 335 7385,,info@mondo-immobiliare.net,nan,nan,nan,,,,,
258,INTERCARGO SRL,SIG.RA CINZIA GENNARO,STRADA PRIMA 5/B LOC. INTERPORTO SUD TORINO,ORBASSANO (TO),nan,011 397 5590,,c.gennaro@intercargotorino.it,nan,nan,nan,,,,,
259,Kostal Italia Srl,Sig. Massimo Cavaliere,via genova 57,cascine-vica rivoli   to,nan,0119782430 - 3935857089 (2023: guarda nuovo num cell nelle note..),,m.cavaliere@kostal.com,nan,nan,nan,,,,,
260,la bussola (L.G. IMMOBILIARE),SIG.RA ELISA,VIA GENOVA 31 BIS,TORINO,nan,0116632622 /(0119118429),,labussolaimmobiliare.to@gmail.com,nan,nan,nan,,,,,
261,LA FALCHETTA SOCIETA' SEMPLICE AGRICOLA,Marisa/ SIG. RICCARDO FERRERO,"DIRETTISSIMA VENIARIA LANZO KM 16,5",ROBASSOMERO(TO),nan,119235143,,marisa@lafalchetta.com,nan,nan,nan,,,,,
262,LM GROUP   (Fast Cargo),Sig. Zancarli cell. 3393812681 e sig.a Lara corrado 3382836834,Via Pescarito 98,san mauro torinese,nan,0119103927-0119106769,,info@lmgroupsrl.it-----------------------commerciale@lmgroupsrl.it,nan,nan,nan,,,,,
263,Lombardo Srl,Sig. Domenico,C.da san fili ottantanove 32,melicucco RC,nan,nan,,nan,nan,nan,nan,,,,,
264,LUCA MORETTO ARCHITETTO,ARCH. MORETTO LUCA,CORSO MEDITERRANEO 148,TORINO,nan,011 1971 4247,,info@lucamoretto.it,nan,nan,nan,,,,,
265,MICROMEC SRL,DOTT.ROBERTO BORGIALLI,VIALE EUROPA 7,CASTELLAMONTE   TO,10081,124510528,,amministrazione@micromecgroup.com,nan,nan,nan,,,,,
266,MKS SRL,Sig. Maurizio Bisognin/ Silvia segretaria,via vernea 143,nichelino,nan,116898511,,acquisti@mksclima.com,nan,nan,nan,,,,,
267,MULTICONSULTING PROJECT SRL,Alessandra Bianco/ (SIG. ROBERTO BLANCO),VIA MARTIRI DELLA LIBERTA' 4 BIS,TORINO,nan,011 839 3246-0118399064--3429231820 dott.bianco,,studio@multiconsulting.it; info@studiorobertobianco.it,nan,nan,nan,,,,,
268,MVS SRL,SIG.ELVIO e sig.r Gallo - sig.a Caterina-ANTONELLA,VIA UMBERTO NOBILE 5,VOLVERA(TO),nan,119906831,,info@maxiracing.it,nan,nan,nan,,,,,
269,NICCO IMMOBILIARE,SIG. NICCO GIOVANNI,"VIA TORINO, 28/F",TROFARELLO,nan,3358411526..privato nicco 375 6256 451,,trofarello@gabetti.it,nan,nan,nan,,,,,
270,NC INTERNATIONAL DI LEPRONI MAURO,SIG.MAURO -,STRADA S.LUCIA 65,TORINO,10133,3351440073,,mauro@ncinternational.it,nan,nan,nan,,,,,
271,PHITEC INGEGNERIA SRL,SIG.r BARUZE MATID /andrea Rebuffo (amministrazione),CORSO SUSA 299/A,RIVOLI (TO),nan,011 953 8090,,majid.baruze@phitecingegneria.it; segreteria@phitecingegneria.it,nan,nan,nan,,,,,
272,Plastic components srl(itw LYS ?),Sig. Giorgio Capello/manuela Durando,via poirino 20,Pralormo   To,nan,0119482511/0119482517 (Manuela),,giorgio.capello@plasticomponents.it; manuela.durando@plasticomponents.it,nan,nan,nan,,,,,
273,PROGEM SRL,"sig.ra de agostini - Natalie Bellino l'ha sostituita / 4/2023: Sig. Mario Leopizzi l'ha sostituita 21/5/24 NON PIU' LEOPIZZI, C'è SUSANNA RIMONDOTTO",VIA MONTEU ROERO 12/16,CARMAGNOLA,nan,11971496,,susannarimondotto@progem.eu,nan,nan,nan,,,,,
274,Qualitekno Snc    (E' LA STESSA SEDE DI GISEGAS),DI LISA SERGIO&C,STRADA DEL CASCINOTTO139/11,TORINO,nan,011 2680957,,qualitekno@hotmail.it,nan,nan,nan,,,,,
275,QUALITEKNO/GISEGAS SNC  (STESSA SEDE DI QUALITEKNO),DI LISA SERGIO&C,STRADA DEL CASCINOTTO 139,TORINO,nan,011 268 0957,,gisegas@hotmail.it,nan,nan,nan,,,,,
276,QUESITE SRL,SIG.R VELTRI e Sig.ra Susanne Nilsson,VIA VIRGINIO 14,PINEROLO,nan,0121 202900,,info@quesite.it; amministrazione@quesite.it,nan,nan,nan,,,,,
277,R.T.I. Srl,SIG. FRANCO GUGLIERMINA- sig.ra Francesca,VIA LOMBARDONE 89,LEINì (TO),nan,119981037,,gugliermina@rti-rti.it     manutenzione@rti-rti.it,nan,nan,nan,,,,,
278,REBA SERVIZI di Angelo Baglio e Rogina Enrico Snc,SIG. ANGELO BAGLIO- sig.ra Gilda - sigra Francesca,VIA LESSONA 33,TORINO,nan,117933663,,"info@rebaservizi.it, servizioclienti@rebaservizi.it (sigra Francesca)20/5/25 FIX APP X RINNOVO",nan,nan,nan,,,,,
279,RH2O SRL - REBA SERVIZI di Angelo Baglio e Rogina Enrico Snc,SIG. ANGELO BAGLIO- sig.ra Gilda - sigra Francesca,VIA GROSSI 6,RHO,nan,267178321,,"info@rebaservizi.it, servizioclienti@rebaservizi.it (sigra Francesca)",nan,nan,nan,,,,,
280,REGIS VIAGGI,SIG.RA DANIA MENINI,CORSO SUSA 5/A,RIVOLI (TO),nan,011 956 4495 - SIG.RA CRISTINA 3356948873 - RHO SIG.MONFRECOLA 3802192870,,agenzia@regisviaggi.it,nan,nan,nan,,,,,
281,SAP SRL (SICET),SIG.AUTINO CRISTINA,STRADALE TORINO 21/1 SEDE FISICA SAP + SICET,PAVONE CANAVESE,nan,12549034,,amministrazione@sapsrlivrea.it  9/2025 sapsrl.ivrea@gmail.com fisso app x rinnovo epson 869 con sigra Michela Paluello che lele aveva sentito via mail,nan,nan,nan,,,,,
282,S.I.C.E.T. SRL (SAP),SIG.RA ELISA - SIG.RA ROBERTA,VIA AOSTA 71 (SEDE LEGALE),IVREA,nan,12549034,,amministrazione@sicetivrea.com,nan,nan,nan,,,,,
283,S.T.O. Srl,SIG.RA BARBARA DIVIETTI,VIA NIZZA 98,TORINO,nan,011 6647428,,info@ortopedia-sto.com,nan,nan,nan,,,,,
284,seletcnica industriale di bianchini srl,sig.a Bianchini Arianna,via losa paolo 5,Collegno,nan,tel. 0114114432,,info@seletecnica.it,nan,nan,nan,,,,,
285,SERMIG,nan,PIAZZA BORGO DORA 61,TORINO,nan,nan,,sermig@sermig.org,nan,nan,nan,,,,,
286,SETTER SRL,RAIMONDO IRENE,VIA VENARIA 18,ALPIGNANO    TO,nan,119788572,,raimondo.i@settersrl.it     direzione@settersrl.it,nan,nan,nan,,,,,
287,Sicur.Gesti S.r.l.,SIG.RA LOFINO - Dott. La ronga,VIA CRISTALLIERA 25,TORINO,nan,011 569 5074,,contabilita@sicurgesti.com,nan,nan,nan,,,,,
288,Spadone Impianti,Sig- Alessandro Cavalli,Cso G.Fortunato 24,San Severo  Fo,nan,882224771,,nan,nan,nan,nan,,,,,
289,STRATEGIC DESIGN COMUNICATION SRL,SIG. POORTMAN - SIG. A ELENA  CHIARABELLA,VIA RIVOLI 59,ROSTA(TO),nan,01118999364 /cell sig. Poortman 335 6043024,,"amministrazione@sdcgrafica.it, poortman@sdcgrafica.it",nan,nan,nan,,,,,
290,Studio Architettura AF.G,Atch. Grosso /Arch Fenoglio,Via Galileo Lalilei 9,COURGNE',nan,124650555,,m.grosso@katamail.com,nan,nan,nan,,,,,
291,STUDIO BAZZINI VALERIA,SIG. RA BARBARA / SIG.RA BAZZINI VALERIA --Mirella,"VIA VASSALLI EANDI, 29",TORINO,nan,0112077480 - cell.338 6598900,,v.bazzini@studiobazzinivaleria.it/ v.bazzini@odcec.torino.legalmail.it    amministrazione@studiobazzinivaleria.it,nan,nan,nan,,,,,
292,STUDIO DENTISTICO ANDOLFI,SIG.RA Antonella,VIA TORINO 50,GIVOLETTO(TO),nan,011 994 7885,,studioandolfi.givoletto@gmail.com,nan,nan,nan,,,,,
293,Studio immobiliare viara,sig. filippo Viara,Via Bogino 9,Torino,nan,tel. 0115691524,,info@viaraimmobiliare.com,nan,nan,nan,,,,,
294,STUDIO LEGALE ASSOCIATO Avv. M.Marzocchella Avv. S.Favali,AVV. FAVALI e avv Tabacco  o sig.a betta,CORSO MONCALIERI 1,TORINO,nan,011 819 3770,,info@studiolegalemf.it; info@avvocateassociate.com,nan,nan,nan,,,,,
295,STUDIO OLIVIERI,Sig.ra giuseppina Olivieri,VIA FELICE GOFFI 3,AVIGLIANA,nan,119348236,,Stu.olivieri@tiscali.it,nan,nan,nan,,,,,
296,STUDIO POLIFRONE - PARTNER PROFESSIONALE,D.SSA POLLIFRONE MARILISA,CORSO UNIONE SOVIETICA  373,TORINO,nan,11613149,,studiompollifrone@gmail.com    -  m.pollifrone@cgn.legalmail.it,nan,nan,nan,,,,,
297,STUDIO SOLARDESIGN,RITA MARTINI,VIA RIVAROLO-BELTRAMA 50,LOMBARDORE TO,nan,nan,,nan,nan,nan,nan,,,,,
298,STUDIO SOLARDESIGN ARCHITETTO GIUSEPPE PERFETTO,RITA MARTINI,VIA RIVAROLO-BELTRAMA 50,LOMBARDORE TO,nan,3394030592,,martini@solardesign.it,nan,nan,nan,,,,,
299,STUDIO SOLMONA E VITALI,SIG.RA PATRIZIA CONIGLIO,"VIA GROSSO,10",CHIERI,nan,115621045,,info@sva.to.it,nan,nan,nan,,,,,
300,STUDIO VITALI srl,SIG.FRANCESCO GODIO,"VIA GROSSO,10",CHIERI,nan,115621045,,info@sva.to.it - francesco.godio@sva.to.it,nan,nan,nan,,,,,
301,TD ITALIA,SIG. FABIO CASTELMARE,VIA TETTI DELL'OLEO 17/21,BORGARO T.SE,nan,113975313 - 3490960851,,info@tditalia.eu; fabio.castelmare@transdanubia.com-/s.cerrato@transdanubia.com,nan,nan,nan,,,,,
302,TMP Snc,Sig.a Elena De Leo,ST.Da Bertola All'Abbadia di stura 30,TORINO,nan,112733596,,info@materieplastichetmp.com,nan,nan,nan,,,,,
303,V.POINT SRL,SIG.RA ANGELA  ---Sig.a Fiorella,VIA TORINO 92/B,VOLPIANO(TO),nan,011 995 3570,,amministrazione@vpointsrl.it,nan,nan,nan,,,,,
304,VERNELLI COLOR SERVICE SRL,SIG. WALTER,VIA SANTA CRISTINA 10/A,SETTIMO TORINESE,nan,011 895 5061 -0110260029-335425718,,info@vernelli.com valter@vernelli.com,nan,nan,nan,,,,,
305,"ZETAGIEFFE SERVICE SRL  (GIA VISITATO, STESSA AZIENDA DI R.P. SRL PEDRALI MARCO)",SIG. BALLA,"Via Grange Palmero, 119",ALPIGNANO,nan,348 1343823.sig.Zoia 0119672366 sig.Balla,,zgfsrl@gmail.com,nan,nan,nan,,,,,
